Objects ID,Player ID,InitialWidth,InitialHeight,InitialDepth,Eye Height,Desk Height,Center Height,,G,realDIS,,Distance to Surface,Width,Height,Depth,Shape,Texture,Volume,VolimeAfter,Multiple,,,,
A3,1,9.9,15.1,7.5,118,86,93.55,24.45,53,3406.8025,58.36782076,49.25,24.25827815,37,18.37748344,5,3,1121.175,16494.82588,14.71208855,101.1,,,101.1
A3,2,9.9,15.1,7.5,126,112,119.55,6.45,48,2345.6025,48.43142059,44.25,37.37086093,57,28.31125828,5,5,1121.175,60306.91746,53.78903156,127.1,,,127.1
A3,3,9.9,15.1,7.5,146,123,130.55,15.45,65,4463.7025,66.81094596,61.25,17.70198675,27,13.41059603,3,3,1121.175,6409.643217,5.716898091,138.1,,,138.1
A3,4,9.9,15.1,7.5,124,109,116.55,7.45,35,1280.5025,35.7841096,31.25,30.1589404,46,22.84768212,3,3,1121.175,31696.84663,28.27109651,124.1,,,124.1
A3,5,9.9,15.1,7.5,143,112,119.55,23.45,125,16174.9025,127.1805901,121.25,30.1589404,46,22.84768212,5,2,1121.175,31696.84663,28.27109651,127.1,,,127.1
A3,6,9.9,15.1,7.5,127,108,115.55,11.45,34,1287.1025,35.87621078,30.25,10.49006623,16,7.947019868,5,5,1121.175,1333.836235,1.189677111,123.1,,,123.1
A3,7,9.9,15.1,7.5,130,111,118.55,11.45,44,2067.1025,45.46539893,40.25,17.04635762,26,12.91390728,7,7,1121.175,5723.512127,5.104923073,126.1,,,126.1
A3,8,9.9,15.1,7.5,146,131,138.55,7.45,52,2759.5025,52.53096706,48.25,23.60264901,36,17.8807947,3,5,1121.175,15193.22837,13.55116585,146.1,,,146.1
A3,9,9.9,15.1,7.5,140,113,120.55,19.45,50,2878.3025,53.64981361,46.25,13.76821192,21,10.43046358,,,1121.175,3015.785492,,128.1,,,128.1
A3,10,9.9,15.1,7.5,146,134,141.55,4.45,53,2828.8025,53.18648795,49.25,13.76821192,21,10.43046358,6,1,1121.175,3015.785492,2.689843684,149.1,,,149.1
A3,11,9.9,15.1,7.5,145,128,135.55,9.45,65,4314.3025,65.68335025,61.25,14.42384106,22,10.92715232,6,6,1121.175,3467.453182,3.092695772,143.1,,,143.1
A3,12,9.9,15.1,7.5,130,111,118.55,11.45,44,2067.1025,45.46539893,40.25,19.66887417,30,14.90066225,7,3,1121.175,8792.377527,7.842109864,126.1,,,126.1
A3,13,9.9,15.1,7.5,139,51,58.55,80.45,125,22097.2025,148.6512782,121.25,20.32450331,31,15.39735099,5,6,1121.175,9701.248849,8.652751666,66.1,,,66.1
A3,14,9.9,15.1,7.5,151,60,67.55,83.45,191,43444.9025,208.4344081,187.25,17.70198675,27,13.41059603,4,4,1121.175,6409.643217,5.716898091,75.1,,,75.1
A3,15,9.9,15.1,7.5,146,112,119.55,26.45,211,45220.6025,212.6513637,207.25,16.39072848,25,12.41721854,6,5,1121.175,5088.181439,4.538258023,127.1,,,127.1
A3,16,9.9,15.1,7.5,134,123,130.55,3.45,132,17435.9025,132.0450775,128.25,24.25827815,37,18.37748344,6,5,1121.175,16494.82588,14.71208855,138.1,,,138.1
A3,17,9.9,15.1,7.5,135,131,138.55,-3.55,52,2716.6025,52.12103702,48.25,25.56953642,39,19.37086093,5,4,1121.175,19316.85343,17.22911537,146.1,,,146.1
A3,18,9.9,15.1,7.5,150,79,86.55,63.45,223,53754.9025,231.8510351,219.25,24.25827815,37,18.37748344,6,3,1121.175,16494.82588,14.71208855,94.1,5.117647059,4.117647059,94.1
A3,19,9.9,15.1,7.5,100,91,98.55,1.45,45,2027.1025,45.02335505,41.25,13.76821192,21,10.43046358,,,1121.175,3015.785492,,106.1,,,106.1
A3,20,9.9,15.1,7.5,108,121,128.55,-20.55,52,3126.3025,55.91334814,48.25,9.178807947,14,6.953642384,,,1121.175,893.5660717,,136.1,,,136.1
A20,1,54,218.5,45,119,28,137.25,-18.25,353,124942.0625,353.4714451,330.5,16.5583524,67,13.798627,6,3,530955,15308.32941,0.028831689,246.5,,,246.5
A20,2,54,218.5,45,118,0,109.25,8.75,347,120485.5625,347.1103031,324.5,19.77116705,80,16.47597254,6,6,530955,26059.93643,0.049081253,218.5,,,218.5
A20,3,54,218.5,45,148,48,157.25,-9.25,253,64094.5625,253.1690394,230.5,12.60411899,51,10.50343249,7,5,530955,6751.712163,0.012716166,266.5,,,266.5
A20,4,54,218.5,45,130,0,109.25,20.75,208,43694.5625,209.0324437,185.5,15.07551487,61,12.56292906,6,4,530955,11552.95006,0.021758812,218.5,,,218.5
A20,5,54,218.5,45,145,0,109.25,35.75,381,146439.0625,382.6735717,358.5,15.07551487,61,12.56292906,4,3,530955,11552.95006,0.021758812,218.5,,,218.5
A20,6,54,218.5,45,128,0,109.25,18.75,232,54175.5625,232.7564446,209.5,6.178489703,25,5.148741419,4,5,530955,795.2861459,0.001497841,218.5,,,218.5
A20,7,54,218.5,45,134,60,169.25,-35.25,171,30483.5625,174.5954252,148.5,3.95423341,16,3.295194508,7,6,530955,208.4794914,0.00039265,278.5,,,278.5
A20,8,54,218.5,45,147,24,133.25,13.75,218,47713.0625,218.4331992,195.5,8.402745995,34,7.00228833,6,3,530955,2000.507307,0.003767753,242.5,,,242.5
A20,9,54,218.5,45,144,13,122.25,21.75,196,38889.0625,197.2030996,173.5,9.14416476,37,7.6201373,,,530955,2578.152266,,231.5,,,231.5
A20,10,54,218.5,45,148,0,109.25,38.75,208,44765.5625,211.5787383,185.5,4.695652174,19,3.913043478,6,1,530955,349.1115312,0.000657516,218.5,,,218.5
A20,11,54,218.5,45,146,0,109.25,36.75,118,15274.5625,123.590301,95.5,18.53546911,75,15.44622426,7,6,530955,21472.72594,0.040441706,218.5,,,218.5
A20,12,54,218.5,45,137,60,169.25,-32.25,171,30281.0625,174.0145468,148.5,30.15102975,122,25.12585812,7,5,530955,92423.60048,0.174070497,278.5,,,278.5
A20,13,54,218.5,45,138,15,124.25,13.75,312,97533.0625,312.3028378,289.5,8.402745995,34,7.00228833,6,7,530955,2000.507307,0.003767753,233.5,,,233.5
A20,14,54,218.5,45,153,0,109.25,43.75,317,102403.0625,320.0047851,294.5,5.437070938,22,4.530892449,6,6,530955,541.9652404,0.001020737,218.5,,,218.5
A20,15,54,218.5,45,140,0,109.25,30.75,184,34801.5625,186.551769,161.5,14.5812357,59,12.15102975,7,7,530955,10453.4447,0.019688005,218.5,,,218.5
A20,16,54,218.5,45,135,0,109.25,25.75,227,52192.0625,228.4558218,204.5,16.5583524,67,13.798627,6,5,530955,15308.32941,0.028831689,218.5,,,218.5
A20,17,54,218.5,45,136,108,217.25,-81.25,144,27337.5625,165.3407466,121.5,21.25400458,86,17.71167048,7,4,530955,32374.17759,0.060973487,326.5,,,326.5
A20,18,54,218.5,45,151,16,125.25,25.75,309,96144.0625,310.0710604,286.5,12.85125858,52,10.70938215,7,4,530955,7156.710042,0.013478939,234.5,6.176470588,4.705882353,234.5
A20,19,54,218.5,45,103,30,139.25,-36.25,510,261414.0625,511.2866735,487.5,8.155606407,33,6.796338673,,,530955,1829.132686,,248.5,,,248.5
A20,20,54,218.5,45,108,0,109.25,-1.25,301,90602.5625,301.0025955,278.5,10.62700229,43,8.85583524,,,530955,4046.772199,,,,,
A18,1,64.48,98.43,57.27,116,59,108.215,7.785,150,22560.60623,150.2018849,121.365,34.06441126,52,30.25540994,4,4,363479.3117,53592.90179,0.14744416,157.43,,,157.43
A18,2,64.48,98.43,57.27,119,57,106.215,12.785,123,15292.45623,123.6626711,94.365,37.99492025,58,33.74641877,6,7,363479.3117,74367.16442,0.204598067,155.43,,,155.43
A18,3,64.48,98.43,57.27,145,76,125.215,19.785,239,57512.44623,239.8175269,210.365,18.34237529,28,16.29137458,5,4,363479.3117,8367.030184,0.023019275,174.43,,,174.43
A18,4,64.48,98.43,57.27,127,51,100.215,26.785,127,16846.43623,129.793822,98.365,30.7889871,47,27.3462359,4,5,363479.3117,39572.25651,0.108870726,149.43,,,149.43
A18,5,64.48,98.43,57.27,143,61,110.215,32.785,515,266299.8562,516.0424946,486.365,30.7889871,47,27.3462359,3,4,363479.3117,39572.25651,0.108870726,159.43,,,159.43
A18,6,64.48,98.43,57.27,127,51,100.215,26.785,183,34206.43623,184.9498208,154.365,18.34237529,28,16.29137458,5,6,363479.3117,8367.030184,0.023019275,149.43,,,149.43
A18,7,64.48,98.43,57.27,134,120,169.215,-35.215,125,16865.09623,129.8656853,96.365,15.06695113,23,13.38220055,7,7,363479.3117,4637.466119,0.012758542,218.43,,,218.43
A18,8,64.48,98.43,57.27,147,96,145.215,1.785,108,11667.18623,108.01475,79.365,29.47881743,45,26.18256629,2,6,363479.3117,34732.39912,0.095555367,194.43,,,194.43
A18,9,64.48,98.43,57.27,143,85,134.215,8.785,136,18573.17623,136.2834408,107.365,18.34237529,28,16.29137458,,,363479.3117,8367.030184,,183.43,,,183.43
A18,10,64.48,98.43,57.27,147,87,136.215,10.785,105,11141.31623,105.5524335,76.365,10.48135731,16,9.309356903,6,3,363479.3117,1561.195136,0.004295142,185.43,,,185.43
A18,11,64.48,98.43,57.27,146,81,130.215,15.785,110,12349.16623,111.1268025,81.365,31.44407193,48,27.92807071,7,7,363479.3117,42152.26868,0.115968825,179.43,,,179.43
A18,12,64.48,98.43,57.27,134,120,169.215,-35.215,125,16865.09623,129.8656853,96.365,39.96017474,61,35.49192319,7,5,363479.3117,86514.07062,0.238016492,218.43,,,218.43
A18,13,64.48,98.43,57.27,138,74,123.215,14.785,209,43899.59623,209.5223048,180.365,19.65254496,30,17.45504419,5,7,363479.3117,10291.08122,0.028312701,172.43,,,172.43
A18,14,64.48,98.43,57.27,151,63,112.215,38.785,182,34628.27623,186.0867438,153.365,29.47881743,45,26.18256629,4,6,363479.3117,34732.39912,0.095555367,161.43,,,161.43
A18,15,64.48,98.43,57.27,137,60,109.215,27.785,111,13093.00623,114.4246749,82.365,30.13390227,46,26.7644011,6,6,363479.3117,37099.72896,0.102068337,158.43,,,158.43
A18,16,64.48,98.43,57.27,117,93,142.215,-25.215,117,14324.79623,119.6862408,88.365,18.99746012,29,16.87320939,6,6,363479.3117,9295.895552,0.025574758,191.43,,,191.43
A18,17,64.48,98.43,57.27,135,120,169.215,-34.215,233,55459.66623,235.4987606,204.365,36.02966575,55,32.00091436,6,6,363479.3117,63414.02364,0.174463915,218.43,,,218.43
A18,18,64.48,98.43,57.27,150,71,120.215,29.785,189,36608.14623,191.332554,160.365,28.16864777,43,25.01889668,6,4,363479.3117,30304.18499,0.083372517,169.43,5.235294118,5.470588235,169.43
A18,19,64.48,98.43,57.27,103,78,127.215,-24.215,401,161387.3662,401.7304646,372.365,18.34237529,28,16.29137458,,,363479.3117,8367.030184,,176.43,,,176.43
A18,20,64.48,98.43,57.27,108,54,103.215,4.785,107,11471.89623,107.1069383,78.365,30.7889871,47,27.3462359,,,363479.3117,39572.25651,,152.43,,,152.43
A4,1,10.4,15.4,10.4,115,92,99.7,15.3,69,4995.09,70.67595065,63.8,33.09090909,49,33.09090909,2,6,1665.664,53655.40496,32.21262209,107.4,,,107.4
A4,2,10.4,15.4,10.4,117,100,107.7,9.3,92,8550.49,92.46885962,86.8,43.8961039,65,43.8961039,6,2,1665.664,125246.4159,75.19308571,115.4,,,115.4
A4,3,10.4,15.4,10.4,144,120,127.7,16.3,56,3401.69,58.32400878,50.8,12.15584416,18,12.15584416,4,4,1665.664,2659.761849,1.596817755,135.4,,,135.4
A4,4,10.4,15.4,10.4,121,104,111.7,9.3,44,2022.49,44.97210246,38.8,27.01298701,40,27.01298701,5,7,1665.664,29188.05869,17.52337728,119.4,,,119.4
A4,5,10.4,15.4,10.4,144,112,119.7,24.3,231,53951.49,232.2746004,225.8,27.01298701,40,27.01298701,2,4,1665.664,29188.05869,17.52337728,127.4,,,127.4
A4,6,10.4,15.4,10.4,121,104,111.7,9.3,44,2022.49,44.97210246,38.8,29.03896104,43,29.03896104,2,6,1665.664,36260.2341,21.76923684,119.4,,,119.4
A4,7,10.4,15.4,10.4,131,115,122.7,8.3,42,1832.89,42.8122646,36.8,12.83116883,19,12.83116883,6,6,1665.664,3128.138978,1.878013199,130.4,,,130.4
A4,8,10.4,15.4,10.4,145,131,138.7,6.3,53,2848.69,53.37312058,47.8,27.01298701,40,27.01298701,7,3,1665.664,29188.05869,17.52337728,146.4,,,146.4
A4,9,10.4,15.4,10.4,140,112,119.7,20.3,41,2093.09,45.75030055,35.8,16.20779221,24,16.20779221,,,1665.664,6304.620678,,127.4,,,127.4
A4,10,10.4,15.4,10.4,145,125,132.7,12.3,50,2651.29,51.49067877,44.8,15.53246753,23,15.53246753,4,7,1665.664,5548.923596,3.331358303,140.4,,,140.4
A4,11,10.4,15.4,10.4,144,112,119.7,24.3,111,12911.49,113.6287376,105.8,22.96103896,34,22.96103896,4,7,1665.664,17925.11655,10.76154407,127.4,,,127.4
A4,12,10.4,15.4,10.4,131,115,122.7,8.3,42,1832.89,42.8122646,36.8,22.96103896,34,22.96103896,3,6,1665.664,17925.11655,10.76154407,130.4,,,130.4
A4,13,10.4,15.4,10.4,136,95,102.7,33.3,68,5732.89,75.71585039,62.8,31.06493506,46,31.06493506,4,5,1665.664,44391.38877,26.65086642,110.4,,,110.4
A4,14,10.4,15.4,10.4,151,117,124.7,26.3,134,18647.69,136.5565451,128.8,28.36363636,42,28.36363636,6,5,1665.664,33788.82645,20.28549962,132.4,,,132.4
A4,15,10.4,15.4,10.4,138,114,121.7,16.3,91,8546.69,92.44830988,85.8,16.88311688,25,16.88311688,4,5,1665.664,7125.990892,4.278168281,129.4,,,129.4
A4,16,10.4,15.4,10.4,133,121,128.7,4.3,72,5202.49,72.12828849,66.8,18.90909091,28,18.90909091,3,6,1665.664,10011.50413,6.010518407,136.4,,,136.4
A4,17,10.4,15.4,10.4,134,120,127.7,6.3,230,52939.69,230.0862664,224.8,22.96103896,34,22.96103896,2,6,1665.664,17925.11655,10.76154407,135.4,,,135.4
A4,18,10.4,15.4,10.4,150,126,133.7,16.3,126,16141.69,127.0499508,120.8,30.38961039,45,30.38961039,3,5,1665.664,41558.77888,24.95027742,141.4,3.941176471,5.294117647,141.4
A4,19,10.4,15.4,10.4,102,86,93.7,8.3,149,22269.89,149.2309954,143.8,16.88311688,25,16.88311688,,,1665.664,7125.990892,,101.4,,,101.4
A4,20,10.4,15.4,10.4,107,96,103.7,3.3,40,1610.89,40.13589416,34.8,39.84415584,59,39.84415584,,,1665.664,93665.84854,,111.4,,,111.4
A13,1,34,42.9,34,116,76,97.45,18.55,123,15473.1025,124.3909261,106,21.3986014,27,21.3986014,2,3,49592.4,12363.30383,0.249298357,118.9,,,118.9
A13,2,34,42.9,34,115,86,107.45,7.55,91,8338.0025,91.31266342,74,41.21212121,52,41.21212121,2,3,49592.4,88318.82461,1.780894343,128.9,,,128.9
A13,3,34,42.9,34,145,97,118.45,26.55,99,10505.9025,102.4983049,82,22.19114219,28,22.19114219,2,3,49592.4,13788.51017,0.278036759,139.9,,,139.9
A13,4,34,42.9,34,126,93,114.45,11.55,126,16009.4025,126.5282676,109,16.64335664,21,16.64335664,4,5,49592.4,5817.027728,0.117296758,135.9,,,135.9
A13,5,34,42.9,34,142,104,125.45,16.55,57,3522.9025,59.35404367,40,16.64335664,21,16.64335664,7,4,49592.4,5817.027728,0.117296758,146.9,,,146.9
A13,6,34,42.9,34,126,93,114.45,11.55,58,3497.4025,59.13884087,41,22.98368298,29,22.98368298,2,5,49592.4,15319.24082,0.308902994,135.9,,,135.9
A13,7,34,42.9,34,132,111,132.45,-0.45,78,6084.2025,78.00129807,61,28.53146853,36,28.53146853,2,2,49592.4,29305.60908,0.590929438,153.9,,,153.9
A13,8,34,42.9,34,146,110,131.45,14.55,91,8492.7025,92.15585982,74,26.15384615,33,26.15384615,2,6,49592.4,22572.78107,0.455166136,152.9,,,152.9
A13,9,34,42.9,34,142,106,127.45,14.55,78,6295.7025,79.34546301,61,19.81351981,25,19.81351981,,,49592.4,9814.389185,,148.9,,,148.9
A13,10,34,42.9,34,147,116,137.45,9.55,71,5132.2025,71.6393921,54,19.81351981,25,19.81351981,7,4,49592.4,9814.389185,0.197901073,158.9,,,158.9
A13,11,34,42.9,34,144,102,123.45,20.55,56,3558.3025,59.65150878,39,19.02097902,24,19.02097902,2,6,49592.4,8683.14343,0.175090204,144.9,,,144.9
A13,12,34,42.9,34,132,111,132.45,-0.45,78,6084.2025,78.00129807,61,36.45687646,46,36.45687646,5,3,49592.4,61138.77669,1.232825527,153.9,,,153.9
A13,13,34,42.9,34,138,79,100.45,37.55,180,33810.0025,183.8749643,163,24.56876457,31,24.56876457,3,4,49592.4,18712.34997,0.377322936,121.9,,,121.9
A13,14,34,42.9,34,150,60,81.45,68.55,177,36028.1025,189.8107018,160,22.19114219,28,22.19114219,5,6,49592.4,13788.51017,0.278036759,102.9,,,102.9
A13,15,34,42.9,34,140,110,131.45,8.55,114,13069.1025,114.3201754,97,15.85081585,20,15.85081585,4,4,49592.4,5024.967263,0.10132535,152.9,,,152.9
A13,16,34,42.9,34,134,120,141.45,-7.45,123,15184.5025,123.2254134,106,25.36130536,32,25.36130536,2,3,49592.4,20582.26591,0.415028632,162.9,,,162.9
A13,17,34,42.9,34,135,102,123.45,11.55,167,28022.4025,167.3989322,150,38.04195804,48,38.04195804,1,1,49592.4,69465.14744,1.400721632,144.9,,,144.9
A13,18,34,42.9,34,145,60,81.45,63.55,86,11434.6025,106.9327008,69,40.41958042,51,40.41958042,2,4,49592.4,83320.86655,1.680113617,102.9,3.176470588,3.882352941,102.9
A13,19,34,42.9,34,105,83,104.45,0.55,117,13689.3025,117.0012927,100,18.22843823,23,18.22843823,,,49592.4,7642.347086,0.154103191,125.9,,,125.9
A13,20,34,42.9,34,107,60,81.45,25.55,107,12101.8025,110.0081929,90,55.47785548,70,55.47785548,,,49592.4,215445.4714,,102.9,,,102.9
A11,1,11.4,25.4,11.4,116,86,98.7,17.3,86,7695.29,87.72280205,80.3,17.95275591,40,17.95275591,2,3,3300.984,12892.05778,3.905519622,111.4,,,111.4
A11,2,11.4,25.4,11.4,125,94,106.7,18.3,67,4823.89,69.45422953,61.3,25.58267717,57,25.58267717,1,4,3300.984,37304.98214,11.30117024,119.4,,,119.4
A11,3,11.4,25.4,11.4,145,110,122.7,22.3,85,7722.29,87.87656115,79.3,10.77165354,24,10.77165354,3,4,3300.984,2784.684481,0.843592238,135.4,,,135.4
A11,4,11.4,25.4,11.4,145,109,121.7,23.3,95,9567.89,97.8155918,89.3,13.01574803,29,13.01574803,5,2,3300.984,4912.881208,1.488308095,134.4,,,134.4
A11,5,11.4,25.4,11.4,144,106,118.7,25.3,238,57284.09,239.3409493,232.3,13.01574803,29,13.01574803,3,2,3300.984,4912.881208,1.488308095,131.4,,,131.4
A11,6,11.4,25.4,11.4,140,113,125.7,14.3,58,3568.49,59.73683955,52.3,21.54330709,48,21.54330709,3,6,3300.984,22277.47585,6.748737907,138.4,,,138.4
A11,7,11.4,25.4,11.4,135,109,121.7,13.3,63,4145.89,64.38858595,57.3,21.54330709,48,21.54330709,5,4,3300.984,22277.47585,6.748737907,134.4,,,134.4
A11,8,11.4,25.4,11.4,149,129,141.7,7.3,64,4149.29,64.41498273,58.3,21.54330709,48,21.54330709,2,3,3300.984,22277.47585,6.748737907,154.4,,,154.4
A11,9,11.4,25.4,11.4,140,100,112.7,27.3,63,4714.29,68.66068744,57.3,13.91338583,31,13.91338583,,,3300.984,6001.05146,,125.4,,,125.4
A11,10,11.4,25.4,11.4,146,119,131.7,14.3,68,4828.49,69.48733698,62.3,13.46456693,30,13.46456693,2,3,3300.984,5438.836878,1.647641091,144.4,,,144.4
A11,11,11.4,25.4,11.4,143,107,119.7,23.3,87,8111.89,90.06603133,81.3,17.95275591,40,17.95275591,4,6,3300.984,12892.05778,3.905519622,132.4,,,132.4
A11,12,11.4,25.4,11.4,135,110,122.7,12.3,63,4120.29,64.18948512,57.3,19.2992126,43,19.2992126,2,2,3300.984,16015.7631,4.851814822,135.4,,,135.4
A11,13,11.4,25.4,11.4,135,96,108.7,26.3,169,29252.69,171.0341779,163.3,34.55905512,77,34.55905512,7,6,3300.984,91963.27838,27.85935296,121.4,,,121.4
A11,14,11.4,25.4,11.4,151,105,117.7,33.3,164,28004.89,167.3466163,158.3,13.91338583,31,13.91338583,5,5,3300.984,6001.05146,1.81795836,130.4,,,130.4
A11,15,11.4,25.4,11.4,139,114,126.7,12.3,113,12920.29,113.6674536,107.3,12.56692913,28,12.56692913,3,2,3300.984,4421.97582,1.33959323,139.4,,,139.4
A11,16,11.4,25.4,11.4,138,93,105.7,32.3,116,14499.29,120.4129976,110.3,17.05511811,38,17.05511811,2,3,3300.984,11053.32804,3.348494886,118.4,,,118.4
A11,17,11.4,25.4,11.4,142,104,116.7,25.3,272,74624.09,273.174102,266.3,13.01574803,29,13.01574803,1,1,3300.984,4912.881208,1.488308095,129.4,,,129.4
A11,18,11.4,25.4,11.4,149,112,124.7,24.3,149,22791.49,150.9685066,143.3,14.36220472,32,14.36220472,3,4,3300.984,6600.733585,1.999626046,137.4,3.055555556,3.529411765,137.4
A11,19,11.4,25.4,11.4,101,83,95.7,5.3,124,15404.09,124.1132144,118.3,13.91338583,31,13.91338583,,,3300.984,6001.05146,,108.4,,,108.4
A11,20,11.4,25.4,11.4,103,84,96.7,6.3,47,2248.69,47.42035428,41.3,21.54330709,48,21.54330709,,,3300.984,22277.47585,,109.4,,,109.4
A2,1,11,11,11,115,91,96.5,18.5,62,4186.25,64.70123646,56.5,38,38,38,2,2,1331,54872,41.22614576,102,,,102
A2,2,11,11,11,123,103,108.5,14.5,56,3346.25,57.84678038,50.5,38,38,38,1,4,1331,54872,41.22614576,114,,,114
A2,3,11,11,11,143,116,121.5,21.5,57,3711.25,60.92002955,51.5,15,15,15,4,4,1331,3375,2.535687453,127,,,127
A2,4,11,11,11,143,116,121.5,21.5,57,3711.25,60.92002955,51.5,15,15,15,2,3,1331,3375,2.535687453,127,,,127
A2,5,11,11,11,144,100,105.5,38.5,376,142858.25,377.9659376,370.5,20,20,20,4,5,1331,8000,6.010518407,111,,,111
A2,6,11,11,11,138,115,120.5,17.5,51,2907.25,53.91892061,45.5,20,20,20,4,5,1331,8000,6.010518407,126,,,126
A2,7,11,11,11,133,74,79.5,53.5,76,8638.25,92.94218633,70.5,33,33,33,6,2,1331,35937,27,85,,,85
A2,8,11,11,11,148,135,140.5,7.5,63,4025.25,63.44485795,57.5,33,33,33,2,4,1331,35937,27,146,,,146
A2,9,11,11,11,140,107,112.5,27.5,47,2965.25,54.45410912,41.5,16,16,16,,,1331,4096,,118,,,118
A2,10,11,11,11,145,122,127.5,17.5,56,3442.25,58.67069115,50.5,12,12,12,3,5,1331,1728,1.298271976,133,,,133
A2,11,11,11,11,145,117,122.5,22.5,90,8606.25,92.76987658,84.5,23,23,23,4,6,1331,12167,9.141247183,128,,,128
A2,12,11,11,11,133,74,79.5,53.5,79,9103.25,95.41095325,73.5,18,18,18,2,3,1331,5832,4.381667919,85,,,85
A2,13,11,11,11,134,111,116.5,17.5,76,6082.25,77.98878124,70.5,49,49,49,5,6,1331,117649,88.39143501,122,,,122
A2,14,11,11,11,151,116,121.5,29.5,69,5631.25,75.0416551,63.5,16,16,16,7,6,1331,4096,3.077385424,127,,,127
A2,15,11,11,11,139,114,119.5,19.5,110,12480.25,111.7150393,104.5,12,12,12,5,5,1331,1728,1.298271976,125,,,125
A2,16,11,11,11,138,114,119.5,18.5,125,15967.25,126.3615844,119.5,25,25,25,2,4,1331,15625,11.73929376,125,,,125
A2,17,11,11,11,142,104,109.5,32.5,272,75040.25,273.934755,266.5,14,14,14,1,2,1331,2744,2.061607814,115,,,115
A2,18,11,11,11,152,132,137.5,14.5,110,12310.25,110.951566,104.5,35,35,35,3,5,1331,42875,32.21262209,143,3.333333333,4.176470588,143
A2,19,11,11,11,102,92,97.5,4.5,92,8484.25,92.1099886,86.5,17,17,17,,,1331,4913,,103,,,103
A2,20,11,11,11,102,83,88.5,13.5,44,2118.25,46.02445002,38.5,31,31,31,,,1331,29791,,94,,,94
A13,1,28.9,28.9,0.32,116,88,102.45,13.55,108,11847.6025,108.8466926,107.84,42,42,0.465051903,2,4,267.2672,820.3515571,3.069406037,116.9,,,116.9
A13,2,28.9,28.9,0.32,124,99,113.45,10.55,70,5011.3025,70.79055375,69.84,49,49,0.542560554,2,2,267.2672,1302.687889,4.874103105,127.9,,,127.9
A13,3,28.9,28.9,0.32,144,116,130.45,13.55,59,3664.6025,60.53596039,58.84,37,37,0.409688581,4,5,267.2672,560.8636678,2.098512903,144.9,,,144.9
A13,4,28.9,28.9,0.32,144,116,130.45,13.55,59,3664.6025,60.53596039,58.84,37,37,0.409688581,3,2,267.2672,560.8636678,2.098512903,144.9,,,144.9
A13,5,28.9,28.9,0.32,144,99,113.45,30.55,59,4414.3025,66.44021749,58.84,42,42,0.465051903,2,3,267.2672,820.3515571,3.069406037,127.9,,,127.9
A13,6,28.9,28.9,0.32,140,108,122.45,17.55,54,3224.0025,56.78030028,53.84,37,37,0.409688581,1,3,267.2672,560.8636678,2.098512903,136.9,,,136.9
A13,7,28.9,28.9,0.32,134,105,119.45,14.55,56,3347.7025,57.85933373,55.84,33,33,0.365397924,6,6,267.2672,397.9183391,1.488840902,133.9,,,133.9
A13,8,28.9,28.9,0.32,149,130,144.45,4.55,81,6581.7025,81.12769256,80.84,33,33,0.365397924,1,1,267.2672,397.9183391,1.488840902,158.9,,,158.9
A13,9,28.9,28.9,0.32,140,99,113.45,26.55,60,4304.9025,65.61175581,59.84,22,22,0.243598616,,,267.2672,117.9017301,,,,,
A13,10,28.9,28.9,0.32,146,115,129.45,16.55,62,4117.9025,64.17088514,61.84,16,16,0.17716263,1,1,267.2672,45.35363322,0.169693974,143.9,,,143.9
A13,11,28.9,28.9,0.32,145,120,134.45,10.55,91,8392.3025,91.60951097,90.84,43,43,0.476124567,2,7,267.2672,880.3543253,3.293910833,148.9,,,148.9
A13,12,28.9,28.9,0.32,134,105,119.45,14.55,56,3347.7025,57.85933373,55.84,39,39,0.43183391,1,2,267.2672,656.8193772,2.457538288,133.9,,,133.9
A13,13,28.9,28.9,0.32,134,93,107.45,26.55,132,18128.9025,134.6436129,131.84,36,36,0.398615917,7,7,267.2672,516.6062284,1.93292042,121.9,,,121.9
A13,14,28.9,28.9,0.32,150,108,122.45,27.55,80,7159.0025,84.61088878,79.84,38,38,0.420761246,4,7,267.2672,607.5792388,2.273302668,136.9,,,136.9
A13,15,28.9,28.9,0.32,139,112,126.45,12.55,96,9373.5025,96.81685029,95.84,31,31,0.343252595,2,5,267.2672,329.8657439,1.234217083,140.9,,,140.9
A13,16,28.9,28.9,0.32,138,115,129.45,8.55,133,17762.1025,133.2745381,132.84,34,34,0.376470588,1,4,267.2672,435.2,1.628332994,143.9,,,143.9
A13,17,28.9,28.9,0.32,144,107,121.45,22.55,263,69677.5025,263.9649645,262.84,34,34,0.376470588,1,2,267.2672,435.2,1.628332994,135.9,,,135.9
A13,18,28.9,28.9,0.32,151,134,148.45,2.55,121,14647.5025,121.0268669,120.84,13,13,0.143944637,2,5,267.2672,24.3266436,0.091019937,162.9,,,162.9
A13,19,28.9,28.9,0.32,103,86,100.45,2.55,120,14406.5025,120.0270907,119.84,37,37,0.409688581,,,267.2672,560.8636678,,114.9,,,114.9
A13,20,28.9,28.9,0.32,103,89,103.45,-0.45,69,4761.2025,69.00146738,68.84,38,38,0.420761246,,,267.2672,607.5792388,,117.9,,,117.9
A11,1,19.1,26.4,4,115,85,98.2,16.8,101,10483.24,102.3876946,99,21.70454545,30,4.545454545,4,1,2016.96,2959.710744,1.467411721,111.4,2.555555556,3.722222222,111.4
A11,2,19.1,26.4,4,124,96,109.2,14.8,60,3819.04,61.79838186,58,41.23863636,57,8.636363636,2,3,2016.96,20300.65599,10.06497699,122.4,,,122.4
A11,3,19.1,26.4,4,145,114,127.2,17.8,75,5941.84,77.08333153,73,18.08712121,25,3.787878788,5,3,2016.96,1712.795569,0.849196598,140.4,,,140.4
A11,4,19.1,26.4,4,145,11,24.2,120.8,75,20217.64,142.1887478,73,18.08712121,25,3.787878788,2,1,2016.96,1712.795569,0.849196598,37.4,,,37.4
A11,5,19.1,26.4,4,144,114,127.2,16.8,262,68926.24,262.5380734,260,29.66287879,41,6.212121212,4,2,2016.96,7555.04534,3.745758637,140.4,,,140.4
A11,6,19.1,26.4,4,139,114,127.2,11.8,48,2443.24,49.4291412,46,28.21590909,39,5.909090909,6,4,2016.96,6502.484504,3.22390355,140.4,,,140.4
A11,7,19.1,26.4,4,134,109,122.2,11.8,68,4763.24,69.01622998,66,24.59848485,34,5.151515152,6,5,2016.96,4308.461892,2.136116676,135.4,,,135.4
A11,8,19.1,26.4,4,148,130,143.2,4.8,55,3048.04,55.20905723,53,24.59848485,34,5.151515152,5,1,2016.96,4308.461892,2.136116676,156.4,,,156.4
A11,9,19.1,26.4,4,141,103,116.2,24.8,63,4584.04,67.70553892,61,17.36363636,24,3.636363636,,,2016.96,1515.371901,0.751314801,129.4,,,129.4
A11,10,19.1,26.4,4,147,122,135.2,11.8,68,4763.24,69.01622998,66,20.25757576,28,4.242424242,6,2,2016.96,2406.354454,1.193060077,148.4,,,148.4
A11,11,19.1,26.4,4,145,122,135.2,9.8,67,4585.04,67.71292343,65,28.93939394,40,6.060606061,5,6,2016.96,7015.610652,3.478309263,148.4,,,148.4
A11,12,19.1,26.4,4,134,109,122.2,11.8,68,4763.24,69.01622998,66,39.06818182,54,8.181818182,4,1,2016.96,17261.03306,8.557945154,135.4,,,135.4
A11,13,19.1,26.4,4,134,92,105.2,28.8,131,17990.44,134.1284459,129,72.34848485,100,15.15151515,5,7,2016.96,109618.9164,54.34858224,118.4,,,118.4
A11,14,19.1,26.4,4,150,60,73.2,76.8,121,20539.24,143.3151771,119,23.875,33,5,6,7,2016.96,3939.375,1.953125,86.4,,,86.4
A11,15,19.1,26.4,4,139,113,126.2,12.8,105,11188.84,105.7773133,103,20.25757576,28,4.242424242,7,6,2016.96,2406.354454,1.193060077,139.4,,,139.4
A11,16,19.1,26.4,4,137,114,127.2,9.8,118,14020.04,118.4062498,116,28.93939394,40,6.060606061,4,2,2016.96,7015.610652,3.478309263,140.4,,,140.4
A11,17,19.1,26.4,4,143,103,116.2,26.8,291,85399.24,292.2314836,289,24.59848485,34,5.151515152,2,1,2016.96,4308.461892,2.136116676,129.4,,,129.4
A11,18,19.1,26.4,4,151,128,141.2,9.8,104,10912.04,104.4607103,102,13.74621212,19,2.878787879,5,3,2016.96,751.8761478,0.372776926,154.4,4.588235294,3.375,154.4
A11,19,19.1,26.4,4,103,89,102.2,0.8,103,10609.64,103.0031067,101,13.02272727,18,2.727272727,,,2016.96,639.2975207,,115.4,,,115.4
A11,20,19.1,26.4,4,103,91,104.2,-1.2,73,5330.44,73.00986235,71,23.15151515,32,4.848484848,,,2016.96,3591.992654,,117.4,,,117.4
A9,1,5.84,19.6,5.84,116,95,104.8,11.2,74,5601.44,74.84276852,71.08,9.534693878,32,9.534693878,2,3,668.46976,2909.132395,4.351928193,114.6,,,114.6
A9,2,5.84,19.6,5.84,129,98,107.8,21.2,61,4170.44,64.57894394,58.08,29.79591837,100,29.79591837,6,4,668.46976,88779.67514,132.8103086,117.6,,,117.6
A9,3,5.84,19.6,5.84,145,115,124.8,20.2,61,4129.04,64.25760655,58.08,5.065306122,17,5.065306122,3,5,668.46976,436.1745439,0.652497046,134.6,,,134.6
A9,4,5.84,19.6,5.84,145,115,124.8,20.2,61,4129.04,64.25760655,58.08,5.065306122,17,5.065306122,1,6,668.46976,436.1745439,0.652497046,134.6,,,134.6
A9,5,5.84,19.6,5.84,143,116,125.8,17.2,208,43559.84,208.7099423,205.08,12.51428571,42,12.51428571,3,5,668.46976,6577.508571,9.839650146,135.6,,,135.6
A9,6,5.84,19.6,5.84,140,118,127.8,12.2,54,3064.84,55.3609971,51.08,11.0244898,37,11.0244898,1,4,668.46976,4496.956885,6.727240563,137.6,,,137.6
A9,7,5.84,19.6,5.84,131,111,120.8,10.2,46,2220.04,47.11730043,43.08,9.832653061,33,9.832653061,6,6,668.46976,3190.475185,4.772804061,130.6,,,130.6
A9,8,5.84,19.6,5.84,147,127,136.8,10.2,68,4728.04,68.76074461,65.08,10.72653061,36,10.72653061,3,5,668.46976,4142.104523,6.196397759,146.6,,,146.6
A9,9,5.84,19.6,5.84,150,60,69.8,80.2,434,194788.04,441.3479806,431.08,5.66122449,19,5.66122449,,,668.46976,608.9397918,,79.6,,,79.6
A9,10,5.84,19.6,5.84,147,131,140.8,6.2,95,9063.44,95.20210082,92.08,4.767346939,16,4.767346939,5,4,668.46976,363.6415494,0.543991024,150.6,,,150.6
A9,11,5.84,19.6,5.84,142,101,110.8,31.2,110,13073.44,114.3391447,107.08,4.171428571,14,4.171428571,7,7,668.46976,243.6114286,0.364431487,120.6,,,120.6
A9,12,5.84,19.6,5.84,131,111,120.8,10.2,46,2220.04,47.11730043,43.08,11.91836735,40,11.91836735,4,4,668.46976,5681.899209,8.499859752,130.6,,,130.6
A9,13,5.84,19.6,5.84,131,88,97.8,33.2,175,31727.24,178.1214193,172.08,10.13061224,34,10.13061224,5,6,668.46976,3489.396352,5.21997637,107.6,,,107.6
A9,14,5.84,19.6,5.84,141,112,121.8,19.2,71,5409.64,73.55025493,68.08,5.959183673,20,5.959183673,6,6,668.46976,710.2374011,1.062482469,131.6,,,131.6
A9,15,5.84,19.6,5.84,139,119,128.8,10.2,101,10305.04,101.5137429,98.08,5.959183673,20,5.959183673,3,5,668.46976,710.2374011,1.062482469,138.6,,,138.6
A9,16,5.84,19.6,5.84,126,64,73.8,52.2,74,8200.84,90.55848939,71.08,5.959183673,20,5.959183673,3,5,668.46976,710.2374011,1.062482469,83.6,,,83.6
A9,17,5.84,19.6,5.84,136,120,129.8,6.2,82,6762.44,82.23405621,79.08,6.257142857,21,6.257142857,1,2,668.46976,822.1885714,1.229956268,139.6,,,139.6
A9,18,5.84,19.6,5.84,151,130,139.8,11.2,61,3846.44,62.0196743,58.08,5.66122449,19,5.66122449,4,5,668.46976,608.9397918,0.910945907,149.6,3.705882353,4.823529412,149.6
A9,19,5.84,19.6,5.84,101,85,94.8,6.2,55,3063.44,55.34835138,52.08,5.065306122,17,5.065306122,,,668.46976,436.1745439,,104.6,,,104.6
A9,20,5.84,19.6,5.84,108,102,111.8,-3.8,107,11463.44,107.0674554,104.08,2.979591837,10,2.979591837,,,668.46976,88.77967514,,121.6,,,121.6
A6,1,3.81,17.1,7.99,116,96,104.55,11.45,75,5756.1025,75.86898246,71.005,8.021052632,36,16.82105263,2,2,520.55649,4857.211745,9.33080624,113.1,,,113.1
A6,2,3.81,17.1,7.99,126,105,113.55,12.45,52,2859.0025,53.46964092,48.005,11.14035088,50,23.3625731,3,3,520.55649,13013.36309,24.99894504,122.1,,,122.1
A6,3,3.81,17.1,7.99,146,121,129.55,16.45,56,3406.6025,58.36610746,52.005,4.456140351,20,9.34502924,5,5,520.55649,832.8552375,1.599932483,138.1,,,138.1
A6,4,3.81,17.1,7.99,146,122,130.55,15.45,56,3374.7025,58.09218966,52.005,4.456140351,20,9.34502924,6,3,520.55649,832.8552375,1.599932483,139.1,,,139.1
A6,5,3.81,17.1,7.99,143,115,123.55,19.45,156,24714.3025,157.2078322,152.005,4.456140351,20,9.34502924,6,3,520.55649,832.8552375,1.599932483,132.1,,,132.1
A6,6,3.81,17.1,7.99,141,121,129.55,11.45,65,4356.1025,66.00077651,61.005,4.456140351,20,9.34502924,6,6,520.55649,832.8552375,1.599932483,138.1,,,138.1
A6,7,3.81,17.1,7.99,132,112,120.55,11.45,45,2156.1025,46.4338508,41.005,7.798245614,35,16.35380117,6,6,520.55649,4463.583539,8.57463815,129.1,,,129.1
A6,8,3.81,17.1,7.99,147,130,138.55,8.45,60,3671.4025,60.59209932,56.005,7.575438596,34,15.88654971,6,3,520.55649,4091.817782,7.860468288,147.1,,,147.1
A6,9,3.81,17.1,7.99,136,95,103.55,32.45,103,11662.0025,107.9907519,99.005,4.233333333,19,8.877777778,,,520.55649,714.0692593,,112.1,,,112.1
A6,10,3.81,17.1,7.99,147,123,131.55,15.45,99,10039.7025,100.1983159,95.005,2.896491228,13,6.074269006,1,1,520.55649,228.7228696,0.439381458,140.1,,,140.1
A6,11,3.81,17.1,7.99,140,105,113.55,26.45,97,10108.6025,100.5415461,93.005,12.47719298,56,26.16608187,2,5,520.55649,18282.83817,35.12171786,122.1,,,122.1
A6,12,3.81,17.1,7.99,132,112,120.55,11.45,45,2156.1025,46.4338508,41.005,7.798245614,35,16.35380117,3,6,520.55649,4463.583539,8.57463815,129.1,,,129.1
A6,13,3.81,17.1,7.99,131,93,101.55,29.45,87,8436.3025,91.84934676,83.005,12.25438596,55,25.69883041,5,6,520.55649,17320.78627,33.27359585,110.1,,,110.1
A6,14,3.81,17.1,7.99,140,101,109.55,30.45,87,8496.2025,92.17484744,83.005,4.456140351,20,9.34502924,6,7,520.55649,832.8552375,1.599932483,118.1,,,118.1
A6,15,3.81,17.1,7.99,139,118,126.55,12.45,96,9371.0025,96.80393845,92.005,6.907017544,31,14.48479532,5,4,520.55649,3101.448798,5.957948575,135.1,,,135.1
A6,16,3.81,17.1,7.99,130,113,121.55,8.45,97,9480.4025,97.36735849,93.005,6.907017544,31,14.48479532,1,3,520.55649,3101.448798,5.957948575,130.1,,,130.1
A6,17,3.81,17.1,7.99,134,117,125.55,8.45,98,9675.4025,98.36362387,94.005,5.347368421,24,11.21403509,1,3,520.55649,1439.17385,2.76468333,134.1,,,134.1
A6,18,3.81,17.1,7.99,152,142,150.55,1.45,50,2502.1025,50.02102058,46.005,9.135087719,41,19.15730994,3,6,520.55649,7175.151978,13.78361833,159.1,3.941176471,4.235294118,159.1
A6,19,3.81,17.1,7.99,103,87,95.55,7.45,66,4411.5025,66.41914257,62.005,5.347368421,24,11.21403509,,,520.55649,1439.17385,,104.1,,,104.1
A6,20,3.81,17.1,7.99,108,96,104.55,3.45,106,11247.9025,106.056129,102.005,10.69473684,48,22.42807018,,,520.55649,11513.3908,,113.1,,,113.1
A1,1,3.8,4.4,3.8,116,96,98.2,17.8,75,5941.84,77.08333153,73.1,16.40909091,19,16.40909091,4,5,63.536,5115.907025,80.51981593,100.4,,,100.4
A1,2,3.8,4.4,3.8,126,121,123.2,2.8,40,1607.84,40.09788024,38.1,31.09090909,36,31.09090909,6,7,63.536,34799.20661,547.7084899,125.4,,,125.4
A1,3,3.8,4.4,3.8,145,133,135.2,9.8,44,2032.04,45.07815435,42.1,11.22727273,13,11.22727273,5,6,63.536,1638.671488,25.7912284,137.4,,,137.4
A1,4,3.8,4.4,3.8,145,44,46.2,98.8,133,27450.44,165.6817431,131.1,11.22727273,13,11.22727273,3,7,63.536,1638.671488,25.7912284,48.4,,,48.4
A1,5,3.8,4.4,3.8,141,120,122.2,18.8,94,9189.44,95.86156686,92.1,35.40909091,41,35.40909091,2,7,63.536,51405.95248,809.0838655,124.4,,,124.4
A1,6,3.8,4.4,3.8,141,129,131.2,9.8,54,3012.04,54.88205536,52.1,33.68181818,39,33.68181818,1,6,63.536,44244.13017,696.3631668,133.4,,,133.4
A1,7,3.8,4.4,3.8,131,116,118.2,12.8,53,2972.84,54.52375629,51.1,26.77272727,31,26.77272727,6,6,63.536,22220.14669,349.7253005,120.4,,,120.4
A1,8,3.8,4.4,3.8,145,132,134.2,10.8,37,1485.64,38.54400083,35.1,38.86363636,45,38.86363636,2,6,63.536,67967.20041,1069.743144,136.4,,,136.4
A1,9,3.8,4.4,3.8,136,110,112.2,23.8,44,2502.44,50.02439405,42.1,12.95454545,15,12.95454545,,,63.536,2517.303719,,114.4,,,114.4
A1,10,3.8,4.4,3.8,145,123,125.2,19.8,61,4113.04,64.13298683,59.1,22.45454545,26,22.45454545,5,4,63.536,13109.3719,206.3298272,127.4,,,127.4
A1,11,3.8,4.4,3.8,142,117,119.2,22.8,110,12619.84,112.3380612,108.1,12.09090909,14,12.09090909,5,6,63.536,2046.661157,32.21262209,121.4,,,121.4
A1,12,3.8,4.4,3.8,131,116,118.2,12.8,53,2972.84,54.52375629,51.1,20.72727273,24,20.72727273,6,5,63.536,10310.87603,162.283997,120.4,,,120.4
A1,13,3.8,4.4,3.8,130,101,103.2,26.8,57,3967.24,62.9860302,55.1,25.04545455,29,25.04545455,5,5,63.536,18190.96901,286.3096356,105.4,,,105.4
A1,14,3.8,4.4,3.8,141,110,112.2,28.8,110,12929.44,113.7076954,108.1,12.95454545,15,12.95454545,6,5,63.536,2517.303719,39.62011645,114.4,,,114.4
A1,15,3.8,4.4,3.8,140,124,126.2,13.8,102,10594.44,102.9292961,100.1,7.772727273,9,7.772727273,5,4,63.536,543.7376033,8.557945154,128.4,,,128.4
A1,16,3.8,4.4,3.8,132,126,128.2,3.8,62,3858.44,62.11634246,60.1,17.27272727,20,17.27272727,5,4,63.536,5966.942149,93.91435011,130.4,,,130.4
A1,17,3.8,4.4,3.8,137,125,127.2,9.8,100,10096.04,100.4790525,98.1,19,22,19,7,5,63.536,7942,125,129.4,,,129.4
A1,18,3.8,4.4,3.8,152,134,136.2,15.8,56,3385.64,58.18625267,54.1,29.36363636,34,29.36363636,6,3,63.536,29315.58678,461.4012021,138.4,4.647058824,5.352941176,138.4
A1,19,3.8,4.4,3.8,102,92,94.2,7.8,58,3424.84,58.52213257,56.1,11.22727273,13,11.22727273,,,63.536,1638.671488,,96.4,,,96.4
A1,20,3.8,4.4,3.8,108,60,62.2,45.8,396,158913.64,398.6397371,394.1,27.63636364,32,27.63636364,,,63.536,24440.59504,,64.4,,,64.4
A5,1,15,16,17,116,99,107,9,68,4705,68.59300256,59.5,28.125,30,31.875,1,1,4080,26894.53125,6.591796875,115,,,115
A5,2,15,16,17,114,100,108,6,73,5365,73.24616031,64.5,69.375,74,78.625,2,6,4080,403641.0938,98.93164063,116,,,116
A5,3,15,16,17,146,129,137,9,51,2682,51.7880295,42.5,19.6875,21,22.3125,6,5,4080,9224.824219,2.260986328,145,,,145
A5,4,15,16,17,146,129,137,9,51,2682,51.7880295,42.5,19.6875,21,22.3125,7,2,4080,9224.824219,2.260986328,145,,,145
A5,5,15,16,17,142,115,123,19,119,14522,120.5072612,110.5,17.8125,19,20.1875,7,3,4080,6832.207031,1.674560547,131,,,131
A5,6,15,16,17,139,113,121,18,49,2725,52.20153254,40.5,17.8125,19,20.1875,7,7,4080,6832.207031,1.674560547,129,,,129
A5,7,15,16,17,135,119,127,8,59,3545,59.53990259,50.5,34.6875,37,39.3125,7,6,4080,50455.13672,12.36645508,135,,,135
A5,8,15,16,17,147,128,136,11,65,4346,65.9241989,56.5,37.5,40,42.5,7,3,4080,63750,15.625,144,,,144
A5,9,15,16,17,135,102,110,25,59,4106,64.07807737,50.5,17.8125,19,20.1875,,,4080,6832.207031,,118,,,118
A5,10,15,16,17,145,118,126,19,51,2962,54.4242593,42.5,10.3125,11,11.6875,2,3,4080,1325.800781,0.324951172,134,,,134
A5,11,15,16,17,141,120,128,13,44,2105,45.88027899,35.5,29.0625,31,32.9375,2,7,4080,29674.62891,7.273193359,136,,,136
A5,12,15,16,17,135,119,127,8,60,3664,60.5309838,51.5,35.625,38,40.375,3,7,4080,54657.65625,13.39648438,135,,,135
A5,13,15,16,17,130,100,108,22,63,4453,66.73080248,54.5,56.25,60,63.75,5,6,4080,215156.25,52.734375,116,,,116
A5,14,15,16,17,140,60,68,72,109,17065,130.6330739,100.5,23.4375,25,26.5625,7,5,4080,15563.96484,3.814697266,76,,,76
A5,15,15,16,17,138,117,125,13,85,7394,85.98837131,76.5,22.5,24,25.5,3,3,4080,13770,3.375,133,,,133
A5,16,15,16,17,133,113,121,12,106,11380,106.6770828,97.5,27.1875,29,30.8125,2,6,4080,24293.73047,5.954345703,129,,,129
A5,17,15,16,17,137,120,128,9,56,3217,56.71860365,47.5,24.375,26,27.625,1,6,4080,17507.34375,4.291015625,136,,,136
A5,18,15,16,17,150,125,133,17,104,11105,105.3802638,95.5,44.0625,47,49.9375,2,6,4080,103417.4414,25.34741211,141,4.176470588,4.823529412,141
A5,19,15,16,17,102,91,99,3,89,7930,89.05054744,80.5,20.625,22,23.375,,,4080,10606.40625,,107,,,107
A5,20,15,16,17,107,94,102,5,55,3050,55.22680509,46.5,50.625,54,57.375,,,4080,156848.9063,,110,,,110
A14,1,27,31,27,116,76,91.5,24.5,69,5361.25,73.22055722,55.5,33.96774194,39,33.96774194,6,6,22599,44998.4922,1.99117183,107,,,107
A14,2,27,31,27,113,78,93.5,19.5,94,9216.25,96.00130207,80.5,35.70967742,41,35.70967742,7,7,22599,52282.42352,2.313483938,109,,,109
A14,3,27,31,27,145,124,139.5,5.5,60,3630.25,60.251556,46.5,21.77419355,25,21.77419355,5,7,22599,11852.88762,0.524487261,155,,,155
A14,4,27,31,27,146,120,135.5,10.5,60,3710.25,60.91182151,46.5,21.77419355,25,21.77419355,2,7,22599,11852.88762,0.524487261,151,,,151
A14,5,27,31,27,141,60,75.5,65.5,197,43099.25,207.6035886,183.5,43.5483871,50,43.5483871,5,7,22599,94823.10094,4.19589809,91,,,91
A14,6,27,31,27,141,105,120.5,20.5,65,4645.25,68.1560709,51.5,29.61290323,34,29.61290323,4,5,22599,29815.41727,1.319324628,136,,,136
A14,7,27,31,27,133,75,90.5,42.5,70,6706.25,81.89169677,56.5,24.38709677,28,24.38709677,6,5,22599,16652.45369,0.736866839,106,,,106
A14,8,27,31,27,148,125,140.5,7.5,76,5832.25,76.36916917,62.5,28.74193548,33,28.74193548,2,6,22599,27261.26223,1.206303917,156,,,156
A14,9,27,31,27,135,98,113.5,21.5,59,3943.25,62.79530237,45.5,22.64516129,26,22.64516129,,,22599,13332.88658,,129,,,129
A14,10,27,31,27,146,115,130.5,15.5,65,4465.25,66.82252614,51.5,17.41935484,20,17.41935484,7,4,22599,6068.67846,0.268537478,146,,,146
A14,11,27,31,27,142,107,122.5,19.5,109,12261.25,110.7305288,95.5,20.90322581,24,20.90322581,6,6,22599,10486.67638,0.464032762,138,,,138
A14,12,27,31,27,132,105,120.5,11.5,28,916.25,30.26962174,14.5,37.4516129,43,37.4516129,7,3,22599,60312.80229,2.668826156,136,,,136
A14,13,27,31,27,131,81,96.5,34.5,142,21354.25,146.1309344,128.5,40.93548387,47,40.93548387,5,5,22599,78758.55047,3.485045819,112,,,112
A14,14,27,31,27,140,40,55.5,84.5,85,14365.25,119.8551209,71.5,19.16129032,22,19.16129032,5,6,22599,8077.41103,0.357423383,71,,,71
A14,15,27,31,27,139,104,119.5,19.5,100,10380.25,101.8835119,86.5,35.70967742,41,35.70967742,6,5,22599,52282.42352,2.313483938,135,,,135
A14,16,27,31,27,131,110,125.5,5.5,84,7086.25,84.17986695,70.5,19.16129032,22,19.16129032,6,3,22599,8077.41103,0.357423383,141,,,141
A14,17,27,31,27,136,105,120.5,15.5,24,816.25,28.57008925,10.5,24.38709677,28,24.38709677,7,3,22599,16652.45369,0.736866839,136,,,136
A14,18,27,31,27,152,132,147.5,4.5,90,8120.25,90.11242978,76.5,26.12903226,30,26.12903226,7,3,22599,20481.7898,0.906313987,163,,,163
A14,19,27,31,27,102,80,95.5,6.5,146,21358.25,146.1446202,132.5,21.77419355,25,21.77419355,,,22599,11852.88762,,111,,,111
A14,20,27,31,27,108,91,106.5,1.5,68,4626.25,68.01654211,54.5,39.19354839,45,39.19354839,,,22599,69126.04058,,122,,,122
A17,1,67,83,27,117,68,109.5,7.5,86,7452.25,86.32641542,72.5,32.28915663,40,13.01204819,2,4,150147,16805.92249,0.111929792,151,,,151
A17,2,67,83,27,127,71,112.5,14.5,95,9235.25,96.10020812,81.5,59.73493976,74,24.07228916,2,6,150147,106408.799,0.70869747,154,,,154
A17,3,67,83,27,146,80,121.5,24.5,142,20764.25,144.0980569,128.5,23.40963855,29,9.43373494,7,6,150147,6404.36943,0.042653995,163,,,163
A17,4,67,83,27,146,79,120.5,25.5,142,20814.25,144.2714455,128.5,23.40963855,29,9.43373494,7,6,150147,6404.36943,0.042653995,162,,,162
A17,5,67,83,27,144,84,125.5,18.5,255,65367.25,255.6701977,241.5,15.3373494,19,6.180722892,4,4,150147,1801.122224,0.011995726,167,,,167
A17,6,67,83,27,140,60,101.5,38.5,101,11683.25,108.0890836,87.5,17.75903614,22,7.156626506,6,5,150147,2796.085353,0.018622319,143,,,143
A17,7,67,83,27,134,81,122.5,11.5,80,6532.25,80.82233602,66.5,31.48192771,39,12.68674699,6,5,150147,15576.72681,0.103743177,164,,,164
A17,8,67,83,27,141,88,129.5,11.5,63,4101.25,64.04100249,49.5,41.1686747,51,16.59036145,3,4,150147,34833.16287,0.231993732,171,,,171
A17,9,67,83,27,137,62,103.5,33.5,102,11526.25,107.3603744,88.5,27.44578313,34,11.06024096,,,150147,10320.93715,,145,,,145
A17,10,67,83,27,146,81,122.5,23.5,122,15436.25,124.242706,108.5,15.3373494,19,6.180722892,2,5,150147,1801.122224,0.011995726,164,,,164
A17,11,67,83,27,146,92,133.5,12.5,101,10357.25,101.7705753,87.5,15.3373494,19,6.180722892,3,7,150147,1801.122224,0.011995726,175,,,175
A17,12,67,83,27,134,81,122.5,11.5,80,6532.25,80.82233602,66.5,58.92771084,73,23.74698795,3,7,150147,102152.9617,0.680352999,164,,,164
A17,13,67,83,27,131,74,115.5,15.5,153,23649.25,153.7831265,139.5,51.6626506,64,20.81927711,6,6,150147,68837.0585,0.458464428,157,,,157
A17,14,67,83,27,141,52,93.5,47.5,107,13705.25,117.0694238,93.5,31.48192771,39,12.68674699,5,5,150147,15576.72681,0.103743177,135,,,135
A17,15,67,83,27,140,78,119.5,20.5,136,18916.25,137.5363588,122.5,37.93975904,47,15.28915663,6,6,150147,27263.14516,0.181576356,161,,,161
A17,16,67,83,27,139,17,58.5,80.5,134,24436.25,156.3209839,120.5,33.09638554,41,13.3373494,2,5,150147,18098.14037,0.120536144,100,,,100
A17,17,67,83,27,136,77,118.5,17.5,161,26227.25,161.9482942,147.5,16.95180723,21,6.831325301,1,7,150147,2431.869502,0.016196591,160,,,160
A17,18,67,83,27,151,86,127.5,23.5,111,12873.25,113.4603455,97.5,37.13253012,46,14.96385542,3,3,150147,25559.70736,0.170231222,169,,,169
A17,19,67,83,27,107,41,82.5,24.5,103,11209.25,105.8737456,89.5,29.06024096,36,11.71084337,,,150147,12251.51749,,124,,,124
A17,20,67,83,27,108,55,96.5,11.5,86,7528.25,86.76548853,72.5,40.36144578,50,16.26506024,,,150147,32824.06735,,138,,,138
A19,1,99,152,83,120,12,88,32,160,26624,163.1686244,118.5,32.56578947,50,27.30263158,4,1,1248984,44456.5876,0.035594201,164,,,164
A19,2,99,152,83,120,23,99,21,197,39250,198.1161276,155.5,44.94078947,69,37.67763158,6,5,1248984,116835.1131,0.093544123,175,,,175
A19,3,99,152,83,147,75,151,-4,175,30641,175.0457083,133.5,29.96052632,46,25.11842105,6,3,1248984,34617.81129,0.027716777,227,,,227
A19,4,99,152,83,147,75,151,-4,175,30641,175.0457083,133.5,29.96052632,46,25.11842105,6,1,1248984,34617.81129,0.027716777,227,,,227
A19,5,99,152,83,143,0,76,67,465,220714,469.802086,423.5,19.53947368,30,16.38157895,6,3,1248984,9602.622922,0.007688347,152,,,152
A19,6,99,152,83,141,56,132,9,139,19402,139.2910622,97.5,16.28289474,25,13.65131579,7,6,1248984,5557.07345,0.004449275,208,,,208
A19,7,99,152,83,135,79,155,-20,141,20281,142.411376,99.5,27.35526316,42,22.93421053,7,6,1248984,26349.5973,0.021096825,231,,,231
A19,8,99,152,83,150,49,125,25,150,23125,152.0690633,108.5,50.80263158,78,42.59210526,6,3,1248984,168775.7005,0.135130394,201,,,201
A19,9,99,152,83,137,20,96,41,120,16081,126.8108828,78.5,16.93421053,26,14.19736842,,,1248984,6250.95187,,172,,,172
A19,10,99,152,83,146,60,136,10,158,25064,158.3161394,116.5,11.07236842,17,9.282894737,6,4,1248984,1747.321719,0.001398994,212,,,212
A19,11,99,152,83,143,0,76,67,129,21130,145.361618,87.5,20.19078947,31,16.92763158,7,7,1248984,10595.24961,0.008483095,152,,,152
A19,12,99,152,83,135,79,155,-20,140,20000,141.4213562,98.5,63.17763158,97,52.96710526,6,6,1248984,324594.6174,0.25988693,231,,,231
A19,13,99,152,83,135,58,134,1,169,28562,169.0029586,127.5,29.30921053,45,24.57236842,6,6,1248984,32408.85236,0.025948173,210,,,210
A19,14,99,152,83,141,60,136,5,104,10841,104.1201229,62.5,24.09868421,37,20.20394737,6,5,1248984,18014.87626,0.014423625,212,,,212
A19,15,99,152,83,140,60,136,4,156,24352,156.0512736,114.5,22.79605263,35,19.11184211,7,6,1248984,15248.60955,0.012208811,212,,,212
A19,16,99,152,83,137,47,123,14,403,162605,403.2431029,361.5,20.19078947,31,16.92763158,6,5,1248984,10595.24961,0.008483095,199,,,199
A19,17,99,152,83,137,65,141,-4,288,82960,288.0277764,246.5,43.63815789,67,36.58552632,3,3,1248984,106967.1733,0.08564335,217,,,217
A19,18,99,152,83,145,86,162,-17,37,1658,40.71854614,-4.5,28.00657895,43,23.48026316,5,6,1248984,28276.87928,0.022639905,238,,,238
A19,19,99,152,83,102,123,199,-97,247,70418,265.3639011,205.5,22.14473684,34,18.56578947,,,1248984,13978.57375,,275,,,275
A19,20,99,152,83,108,29,105,3,159,25290,159.0282994,117.5,26.05263158,40,21.84210526,,,1248984,22761.77285,,181,,,181
A10,1,22.5,25,22.2,117,44,56.5,60.5,168,31884.25,178.561614,156.9,29.7,33,29.304,5,2,12487.5,28720.8504,2.299968,69,,,69
A10,2,22.5,25,22.2,127,99,111.5,15.5,44,2176.25,46.65029475,32.9,58.5,65,57.72,7,6,12487.5,219480.3,17.576,124,,,124
A10,3,22.5,25,22.2,145,120,132.5,12.5,83,7045.25,83.93598751,71.9,27,30,26.64,3,5,12487.5,21578.4,1.728,145,,,145
A10,4,22.5,25,22.2,146,123,135.5,10.5,84,7166.25,84.65370636,72.9,24.3,27,23.976,1,4,12487.5,15730.6536,1.259712,148,,,148
A10,5,22.5,25,22.2,143,107,119.5,23.5,233,54841.25,234.1820873,221.9,27.9,31,27.528,3,4,12487.5,23808.9672,1.906624,132,,,132
A10,6,22.5,25,22.2,143,97,109.5,33.5,52,3826.25,61.85668921,40.9,9,10,8.88,3,5,12487.5,799.2,0.064,122,,,122
A10,7,22.5,25,22.2,132,109,121.5,10.5,55,3135.25,55.99330317,43.9,27.9,31,27.528,7,7,12487.5,23808.9672,1.906624,134,,,134
A10,8,22.5,25,22.2,141,118,130.5,10.5,65,4335.25,65.84261538,53.9,45,50,44.4,2,3,12487.5,99900,8,143,,,143
A10,9,22.5,25,22.2,136,101,113.5,22.5,54,3422.25,58.5,42.9,27.9,31,27.528,,,12487.5,23808.9672,,126,,,126
A10,10,22.5,25,22.2,146,118,130.5,15.5,72,5424.25,73.64950781,60.9,18.9,21,18.648,7,1,12487.5,7401.3912,0.592704,143,,,143
A10,11,22.5,25,22.2,143,114,126.5,16.5,67,4761.25,69.00181157,55.9,36.9,41,36.408,7,7,12487.5,55081.6632,4.410944,139,,,139
A10,12,22.5,25,22.2,132,109,121.5,10.5,55,3135.25,55.99330317,43.9,65.7,73,64.824,7,5,12487.5,310902.3864,24.897088,134,,,134
A10,13,22.5,25,22.2,133,90,102.5,30.5,129,17571.25,132.5565917,117.9,50.4,56,49.728,7,6,12487.5,140352.3072,11.239424,115,,,115
A10,14,22.5,25,22.2,139,60,72.5,66.5,95,13447.25,115.9622783,83.9,29.7,33,29.304,7,7,12487.5,28720.8504,2.299968,85,,,85
A10,15,22.5,25,22.2,140,118,130.5,9.5,118,14014.25,118.3817976,106.9,26.1,29,25.752,7,3,12487.5,19491.6888,1.560896,143,,,143
A10,16,22.5,25,22.2,137,105,117.5,19.5,140,19980.25,141.3515122,128.9,49.5,55,48.84,7,3,12487.5,132966.9,10.648,130,,,130
A10,17,22.5,25,22.2,136,110,122.5,13.5,235,55407.25,235.3874466,223.9,27,30,26.64,5,5,12487.5,21578.4,1.728,135,,,135
A10,18,22.5,25,22.2,148,71,83.5,64.5,228,56144.25,236.9477791,216.9,41.4,46,40.848,7,2,12487.5,77790.9312,6.229504,96,,,96
A10,19,22.5,25,22.2,103,87,99.5,3.5,83,6901.25,83.0737624,71.9,20.7,23,20.424,,,12487.5,9723.8664,,112,,,112
A10,20,22.5,25,22.2,107,90,102.5,4.5,47,2229.25,47.21493408,35.9,45,50,44.4,,,12487.5,99900,,115,,,115
A7,1,10.7,17.2,21.4,117,59,67.6,49.4,136,20936.36,144.694022,125.3,20.52906977,33,41.05813953,3,3,3938.456,27815.21856,7.06246777,76.2,,,76.2
A7,2,10.7,17.2,21.4,126,60,68.6,57.4,62,7138.76,84.49118297,51.3,39.81395349,64,79.62790698,6,7,3938.456,202899.3142,51.51747645,77.2,,,77.2
A7,3,10.7,17.2,21.4,145,123,131.6,13.4,52,2883.56,53.69878956,41.3,9.953488372,16,19.90697674,5,6,3938.456,3170.301785,0.80496057,140.2,,,140.2
A7,4,10.7,17.2,21.4,145,123,131.6,13.4,50,2679.56,51.76446658,39.3,9.953488372,16,19.90697674,4,6,3938.456,3170.301785,0.80496057,140.2,,,140.2
A7,5,10.7,17.2,21.4,143,113,121.6,21.4,178,32141.96,179.2817894,167.3,26.12790698,42,52.25581395,6,4,3938.456,57344.07193,14.56003874,130.2,,,130.2
A7,6,10.7,17.2,21.4,137,113,121.6,15.4,32,1261.16,35.51281459,21.3,7.465116279,12,14.93023256,6,5,3938.456,1337.471065,0.33959274,130.2,,,130.2
A7,7,10.7,17.2,21.4,129,104,112.6,16.4,42,2032.96,45.0883577,31.3,27.37209302,44,54.74418605,7,7,3938.456,65932.36993,16.74066434,121.2,,,121.2
A7,8,10.7,17.2,21.4,143,131,139.6,3.4,48,2315.56,48.120266,37.3,17.41860465,28,34.8372093,6,3,3938.456,16990.83613,4.314085552,148.2,,,148.2
A7,9,10.7,17.2,21.4,136,105,113.6,22.4,52,3205.76,56.61943129,41.3,14.93023256,24,29.86046512,,,3938.456,10699.76852,,122.2,,,122.2
A7,10,10.7,17.2,21.4,145,123,131.6,13.4,145,21204.56,145.617856,134.3,19.90697674,32,39.81395349,3,3,3938.456,25362.41428,6.439684556,140.2,,,140.2
A7,11,10.7,17.2,21.4,143,128,136.6,6.4,45,2065.96,45.4528327,34.3,18.6627907,30,37.3255814,5,7,3938.456,20897.9854,5.306136567,145.2,,,145.2
A7,12,10.7,17.2,21.4,129,104,112.6,16.4,42,2032.96,45.0883577,31.3,21.77325581,35,43.54651163,3,3,3938.456,33185.22681,8.425948344,121.2,,,121.2
A7,13,10.7,17.2,21.4,133,103,111.6,21.4,58,3821.96,61.82200256,47.3,26.75,43,53.5,6,5,3938.456,61538.375,15.625,120.2,,,120.2
A7,14,10.7,17.2,21.4,140,60,68.6,71.4,87,12666.96,112.5475899,76.3,16.1744186,26,32.34883721,5,6,3938.456,13603.81449,3.454098381,77.2,,,77.2
A7,15,10.7,17.2,21.4,140,122,130.6,9.4,112,12632.36,112.3937721,101.3,41.05813953,66,82.11627907,5,6,3938.456,222521.7485,56.49974216,139.2,,,139.2
A7,16,10.7,17.2,21.4,135,117,125.6,9.4,140,19688.36,140.3152166,129.3,18.6627907,30,37.3255814,3,5,3938.456,20897.9854,5.306136567,134.2,,,134.2
A7,17,10.7,17.2,21.4,136,122,130.6,5.4,213,45398.16,213.0684397,202.3,12.44186047,20,24.88372093,3,3,3938.456,6191.995673,1.572188612,139.2,,,139.2
A7,18,10.7,17.2,21.4,148,119,127.6,20.4,107,11865.16,108.9273152,96.3,20.52906977,33,41.05813953,3,6,3938.456,27815.21856,7.06246777,136.2,,,136.2
A7,19,10.7,17.2,21.4,102,93,101.6,0.4,121,14641.16,121.0006612,110.3,13.68604651,22,27.37209302,,,3938.456,8241.546241,,110.2,,,110.2
A7,20,10.7,17.2,21.4,108,95,103.6,4.4,57,3268.36,57.16957233,46.3,39.81395349,64,79.62790698,,,3938.456,202899.3142,,112.2,,,112.2
A8,1,17.6,18.7,17.6,118,96,105.35,12.65,87,7729.0225,87.91485938,78.2,21.64705882,23,21.64705882,6,5,5792.512,10777.68858,1.860624299,114.7,,,114.7
A8,2,17.6,18.7,17.6,124,109,118.35,5.65,55,3056.9225,55.28944293,46.2,42.35294118,45,42.35294118,7,5,5792.512,80719.72318,13.93518446,127.7,,,127.7
A8,3,17.6,18.7,17.6,145,123,132.35,12.65,57,3409.0225,58.38683499,48.2,16.94117647,18,16.94117647,6,6,5792.512,5166.062284,0.891851805,141.7,,,141.7
A8,4,17.6,18.7,17.6,145,144,153.35,-8.35,74,5545.7225,74.46960789,65.2,16.94117647,18,16.94117647,6,5,5792.512,5166.062284,0.891851805,162.7,,,162.7
A8,5,17.6,18.7,17.6,143,113,122.35,20.65,115,13651.4225,116.839302,106.2,53.64705882,57,53.64705882,4,5,5792.512,164046.3945,28.32042376,131.7,,,131.7
A8,6,17.6,18.7,17.6,137,105,114.35,22.65,49,2914.0225,53.98168671,40.2,29.17647059,31,29.17647059,4,5,5792.512,26389.25952,4.555753966,123.7,,,123.7
A8,7,17.6,18.7,17.6,133,108,117.35,15.65,58,3608.9225,60.07430815,49.2,35.76470588,38,35.76470588,6,6,5792.512,48606.3391,8.391236669,126.7,,,126.7
A8,8,17.6,18.7,17.6,149,129,138.35,10.65,82,6837.4225,82.68870842,73.2,35.76470588,38,35.76470588,2,4,5792.512,48606.3391,8.391236669,147.7,,,147.7
A8,9,17.6,18.7,17.6,141,108,117.35,23.65,56,3695.3225,60.78916433,47.2,20.70588235,22,20.70588235,,,5792.512,9432.138408,,126.7,,,126.7
A8,10,17.6,18.7,17.6,146,125,134.35,11.65,81,6696.7225,81.83350475,72.2,20.70588235,22,20.70588235,6,3,5792.512,9432.138408,1.628332994,143.7,,,143.7
A8,11,17.6,18.7,17.6,142,113,122.35,19.65,79,6627.1225,81.40714035,70.2,28.23529412,30,28.23529412,7,7,5792.512,23916.95502,4.128943543,131.7,,,131.7
A8,12,17.6,18.7,17.6,133,108,117.35,15.65,58,3608.9225,60.07430815,49.2,50.82352941,54,50.82352941,6,5,5792.512,139483.6817,24.07999874,126.7,,,126.7
A8,13,17.6,18.7,17.6,136,93,102.35,33.65,136,19628.3225,140.1011153,127.2,58.35294118,62,58.35294118,5,6,5792.512,211114.0761,36.44603173,111.7,,,111.7
A8,14,17.6,18.7,17.6,151,112,121.35,29.65,98,10483.1225,102.3871208,89.2,26.35294118,28,26.35294118,6,6,5792.512,19445.37024,3.356984024,130.7,,,130.7
A8,15,17.6,18.7,17.6,140,117,126.35,13.65,98,9790.3225,98.94605854,89.2,22.58823529,24,22.58823529,6,7,5792.512,12245.48097,2.114019094,135.7,,,135.7
A8,16,17.6,18.7,17.6,137,121,130.35,6.65,101,10245.2225,101.2186865,92.2,32,34,32,6,6,5792.512,34816,6.010518407,139.7,,,139.7
A8,17,17.6,18.7,17.6,137,114,123.35,13.65,211,44707.3225,211.4410615,202.2,26.35294118,28,26.35294118,5,4,5792.512,19445.37024,3.356984024,132.7,,,132.7
A8,18,17.6,18.7,17.6,151,128,137.35,13.65,86,7582.3225,87.07653243,77.2,35.76470588,38,35.76470588,7,5,5792.512,48606.3391,8.391236669,146.7,,,146.7
A8,19,17.6,18.7,17.6,104,91,100.35,3.65,44,1949.3225,44.15113249,35.2,22.58823529,24,22.58823529,,,5792.512,12245.48097,,109.7,,,109.7
A8,20,17.6,18.7,17.6,103,89,98.35,4.65,37,1390.6225,37.29105121,28.2,30.11764706,32,30.11764706,,,5792.512,29026.32526,,107.7,,,107.7
A16,1,51,63,42,116,88,119.5,-3.5,78,6096.25,78.07848615,57,32.38095238,40,26.66666667,3,2,134946,34539.68254,0.255951881,151,,,151
A16,2,51,63,42,127,78,109.5,17.5,102,10710.25,103.4903377,81,42.9047619,53,35.33333333,6,6,134946,80346.31746,0.595396066,141,,,141
A16,3,51,63,42,146,88,119.5,26.5,146,22018.25,148.3854777,125,26.71428571,33,22,6,5,134946,19394.57143,0.14372098,151,,,151
A16,4,51,63,42,146,88,119.5,26.5,113,13471.25,116.0657141,92,26.71428571,33,22,5,2,134946,19394.57143,0.14372098,151,,,151
A16,5,51,63,42,142,60,91.5,50.5,308,97414.25,312.1125598,287,31.57142857,39,26,7,5,134946,32013.42857,0.2372314,123,,,123
A16,6,51,63,42,138,64,95.5,42.5,74,7282.25,85.33610022,53,29.95238095,37,24.66666667,6,6,134946,27336.53968,0.202573916,127,,,127
A16,7,51,63,42,133,60,91.5,41.5,93,10371.25,101.8393342,72,29.14285714,36,24,7,6,134946,25179.42857,0.186588921,123,,,123
A16,8,51,63,42,141,93,124.5,16.5,77,6201.25,78.74801585,56,35.61904762,44,29.33333333,5,2,134946,45972.31746,0.340671954,156,,,156
A16,9,51,63,42,135,58,89.5,45.5,52,4774.25,69.09594778,31,25.0952381,31,20.66666667,,,134946,16077.68254,,121,,,121
A16,10,51,63,42,146,102,133.5,12.5,84,7212.25,84.92496688,63,17,21,14,7,2,134946,4998,0.037037037,165,,,165
A16,11,51,63,42,145,114,145.5,-0.5,84,7056.25,84.00148808,63,22.66666667,28,18.66666667,7,7,134946,11847.11111,0.087791495,177,,,177
A16,12,51,63,42,133,60,91.5,41.5,93,10371.25,101.8393342,72,52.61904762,65,43.33333333,6,4,134946,148210.3175,1.098293521,123,,,123
A16,13,51,63,42,133,77,108.5,24.5,150,23100.25,151.987664,129,36.42857143,45,30,6,6,134946,49178.57143,0.364431487,140,,,140
A16,14,51,63,42,140,108,139.5,0.5,51,2601.25,51.00245092,30,24.28571429,30,20,7,5,134946,14571.42857,0.1079797,171,,,171
A16,15,51,63,42,139,89,120.5,18.5,127,16471.25,128.3403678,106,40.47619048,50,33.33333333,7,6,134946,67460.31746,0.499906018,152,,,152
A16,16,51,63,42,136,91,122.5,13.5,139,19503.25,139.6540368,118,35.61904762,44,29.33333333,5,5,134946,45972.31746,0.340671954,154,,,154
A16,17,51,63,42,137,104,135.5,1.5,266,70758.25,266.0042293,245,39.66666667,49,32.66666667,4,3,134946,63493.11111,0.470507545,167,,,167
A16,18,51,63,42,145,108,139.5,5.5,67,4519.25,67.22536724,46,35.61904762,44,29.33333333,6,5,134946,45972.31746,0.340671954,171,,,171
A16,19,51,63,42,102,63,94.5,7.5,141,19937.25,141.1993272,120,15.38095238,19,12.66666667,,,134946,3701.68254,,126,,,126
A16,20,51,63,42,109,78,109.5,-0.5,84,7056.25,84.00148808,63,42.0952381,52,34.66666667,,,134946,75883.68254,,141,,,141
,10.45477387,28.20753769,46.36834171,22.68944724,134.69,94.4575,117.68325,,111.9875,,,100.5945,24.4237809,35.3,21.31654746,4.526470588,15,126857.3966,29136.22193,21.05211904,140.7467337,,,
